{
  "timestamp": "2026-02-21T07:32:18.603650Z",
  "sample_size": 100000,
  "results": {
    "logistic_regression": {
      "roc_auc": 0.6765681145894873,
      "precision": 0.5283138247390067,
      "recall": 0.6132190942472461,
      "f1": 0.5676089050019827,
      "confusion_matrix": [
        [
          7357,
          4473
        ],
        [
          3160,
          5010
        ]
      ]
    },
    "random_forest": {
      "roc_auc": 0.9458631458928041,
      "precision": 0.9837443173990907,
      "recall": 0.8740514075887393,
      "f1": 0.9256594724220624,
      "confusion_matrix": [
        [
          11712,
          118
        ],
        [
          1029,
          7141
        ]
      ]
    }
  }
}